[
    {
        "model-name": "Role",
        "resource-file": "roles.json",
        "table-name": "roles",
        "migrations": [
            {
                "name": "2018_08_14_004330_create_roles_table",
                "class-name": "CreateRolesTable",
                "path": "C:\\xampp\\booking-engine\\database\\migrations\\roles\\2018_08_14_004330_create_roles_table.php",
                "is-create": true,
                "is-virtual": false,
                "is-organized": false,
                "with-soft-delete": false,
                "without-timestamps": false,
                "resource": {
                    "fields": [
                        {
                            "name": "id",
                            "labels": "Id",
                            "html-type": "number",
                            "css-class": "",
                            "options": {},
                            "html-value": null,
                            "validation": "",
                            "is-on-index": false,
                            "is-on-show": false,
                            "is-on-form": false,
                            "data-type": "int",
                            "data-type-params": [],
                            "data-value": null,
                            "is-index": false,
                            "is-unique": false,
                            "is-primary": true,
                            "comment": null,
                            "is-nullable": true,
                            "is-header": false,
                            "is-unsigned": true,
                            "is-auto-increment": true,
                            "is-inline-options": false,
                            "is-date": false,
                            "date-format": "",
                            "cast-as": "",
                            "placeholder": "Enter id here...",
                            "delimiter": "; ",
                            "range": [],
                            "foreign-relation": null,
                            "foreign-constraint": null,
                            "on-store": null,
                            "on-update": null
                        },
                        {
                            "name": "name",
                            "labels": "Name",
                            "html-type": "text",
                            "css-class": "",
                            "options": {},
                            "html-value": null,
                            "validation": "required|string|min:1|max:255",
                            "is-on-index": true,
                            "is-on-show": true,
                            "is-on-form": true,
                            "data-type": "string",
                            "data-type-params": [
                                255
                            ],
                            "data-value": null,
                            "is-index": false,
                            "is-unique": false,
                            "is-primary": false,
                            "comment": null,
                            "is-nullable": false,
                            "is-header": true,
                            "is-unsigned": false,
                            "is-auto-increment": false,
                            "is-inline-options": false,
                            "is-date": false,
                            "date-format": "",
                            "cast-as": "",
                            "placeholder": "Enter name here...",
                            "delimiter": "; ",
                            "range": [],
                            "foreign-relation": null,
                            "foreign-constraint": null,
                            "on-store": null,
                            "on-update": null
                        },
                        {
                            "name": "description",
                            "labels": "Description",
                            "html-type": "textarea",
                            "css-class": "",
                            "options": {},
                            "html-value": null,
                            "validation": "string|min:1|max:1000|nullable",
                            "is-on-index": false,
                            "is-on-show": true,
                            "is-on-form": true,
                            "data-type": "string",
                            "data-type-params": [
                                1000
                            ],
                            "data-value": null,
                            "is-index": false,
                            "is-unique": false,
                            "is-primary": false,
                            "comment": null,
                            "is-nullable": true,
                            "is-header": false,
                            "is-unsigned": false,
                            "is-auto-increment": false,
                            "is-inline-options": false,
                            "is-date": false,
                            "date-format": "",
                            "cast-as": "",
                            "placeholder": {},
                            "delimiter": "; ",
                            "range": [],
                            "foreign-relation": null,
                            "foreign-constraint": null,
                            "on-store": null,
                            "on-update": null
                        },
                        {
                            "name": "created_at",
                            "labels": "Created At",
                            "html-type": "text",
                            "css-class": "",
                            "options": {},
                            "html-value": null,
                            "validation": "",
                            "is-on-index": false,
                            "is-on-show": true,
                            "is-on-form": false,
                            "data-type": "datetime",
                            "data-type-params": [],
                            "data-value": null,
                            "is-index": false,
                            "is-unique": false,
                            "is-primary": false,
                            "comment": null,
                            "is-nullable": true,
                            "is-header": false,
                            "is-unsigned": false,
                            "is-auto-increment": false,
                            "is-inline-options": false,
                            "is-date": false,
                            "date-format": "j/n/Y g:i A",
                            "cast-as": "",
                            "placeholder": "Enter created at here...",
                            "delimiter": "; ",
                            "range": [],
                            "foreign-relation": null,
                            "foreign-constraint": null,
                            "on-store": null,
                            "on-update": null
                        },
                        {
                            "name": "updated_at",
                            "labels": "Updated At",
                            "html-type": "text",
                            "css-class": "",
                            "options": {},
                            "html-value": null,
                            "validation": "",
                            "is-on-index": false,
                            "is-on-show": true,
                            "is-on-form": false,
                            "data-type": "datetime",
                            "data-type-params": [],
                            "data-value": null,
                            "is-index": false,
                            "is-unique": false,
                            "is-primary": false,
                            "comment": null,
                            "is-nullable": true,
                            "is-header": false,
                            "is-unsigned": false,
                            "is-auto-increment": false,
                            "is-inline-options": false,
                            "is-date": false,
                            "date-format": "j/n/Y g:i A",
                            "cast-as": "",
                            "placeholder": "Enter updated at here...",
                            "delimiter": "; ",
                            "range": [],
                            "foreign-relation": null,
                            "foreign-constraint": null,
                            "on-store": null,
                            "on-update": null
                        }
                    ],
                    "relations": [
                        {
                            "name": "users",
                            "type": "belongsToMany",
                            "params": [
                                "App\\Models\\User",
                                "role_id",
                                "user_id"
                            ],
                            "field": "id"
                        }
                    ],
                    "indexes": [],
                    "auto-manage-created-and-updated-at": true,
                    "table-name": null,
                    "protection": {
                        "is-model-protected": false,
                        "is-controller-protected": false,
                        "is-form-request-protected": false,
                        "is-languages-protected": false,
                        "is-form-view-protected": false,
                        "is-index-view-protected": false,
                        "is-create-view-protected": false,
                        "is-edit-view-protected": false,
                        "is-show-view-protected": false
                    }
                }
            }
        ]
    },
    {
        "model-name": "User",
        "resource-file": "users.json",
        "table-name": "users",
        "migrations": [
            {
                "name": "2018_08_14_012558_create_users_table",
                "class-name": "CreateUsersTable",
                "path": "C:\\xampp\\booking-engine\\database\\migrations\\users\\2018_08_14_012558_create_users_table.php",
                "is-create": true,
                "is-virtual": false,
                "is-organized": false,
                "with-soft-delete": false,
                "without-timestamps": false,
                "resource": {
                    "fields": [
                        {
                            "name": "id",
                            "labels": "Id",
                            "html-type": "number",
                            "css-class": "",
                            "options": {},
                            "html-value": null,
                            "validation": "",
                            "is-on-index": false,
                            "is-on-show": false,
                            "is-on-form": false,
                            "data-type": "int",
                            "data-type-params": [],
                            "data-value": null,
                            "is-index": false,
                            "is-unique": false,
                            "is-primary": true,
                            "comment": null,
                            "is-nullable": true,
                            "is-header": false,
                            "is-unsigned": true,
                            "is-auto-increment": true,
                            "is-inline-options": false,
                            "is-date": false,
                            "date-format": "",
                            "cast-as": "",
                            "placeholder": "Enter id here...",
                            "delimiter": "; ",
                            "range": [],
                            "foreign-relation": null,
                            "foreign-constraint": null,
                            "on-store": null,
                            "on-update": null
                        },
                        {
                            "name": "name",
                            "labels": "Name",
                            "html-type": "text",
                            "css-class": "",
                            "options": {},
                            "html-value": null,
                            "validation": "required|nullable|string|min:0|max:255",
                            "is-on-index": true,
                            "is-on-show": true,
                            "is-on-form": true,
                            "data-type": "string",
                            "data-type-params": [
                                255
                            ],
                            "data-value": null,
                            "is-index": false,
                            "is-unique": false,
                            "is-primary": false,
                            "comment": null,
                            "is-nullable": false,
                            "is-header": true,
                            "is-unsigned": false,
                            "is-auto-increment": false,
                            "is-inline-options": false,
                            "is-date": false,
                            "date-format": "",
                            "cast-as": "",
                            "placeholder": "Enter name here...",
                            "delimiter": "; ",
                            "range": [],
                            "foreign-relation": null,
                            "foreign-constraint": null,
                            "on-store": null,
                            "on-update": null
                        },
                        {
                            "name": "email",
                            "labels": "Email",
                            "html-type": "email",
                            "css-class": "",
                            "options": {},
                            "html-value": null,
                            "validation": "required",
                            "is-on-index": true,
                            "is-on-show": true,
                            "is-on-form": true,
                            "data-type": "string",
                            "data-type-params": [],
                            "data-value": null,
                            "is-index": false,
                            "is-unique": true,
                            "is-primary": false,
                            "comment": null,
                            "is-nullable": false,
                            "is-header": false,
                            "is-unsigned": false,
                            "is-auto-increment": false,
                            "is-inline-options": false,
                            "is-date": false,
                            "date-format": "",
                            "cast-as": "",
                            "placeholder": "Enter email here...",
                            "delimiter": "; ",
                            "range": [],
                            "foreign-relation": null,
                            "foreign-constraint": null,
                            "on-store": null,
                            "on-update": null
                        },
                        {
                            "name": "password",
                            "labels": "Password",
                            "html-type": "password",
                            "css-class": "",
                            "options": {},
                            "html-value": null,
                            "validation": "required",
                            "is-on-index": false,
                            "is-on-show": false,
                            "is-on-form": true,
                            "data-type": "string",
                            "data-type-params": [],
                            "data-value": null,
                            "is-index": false,
                            "is-unique": false,
                            "is-primary": false,
                            "comment": null,
                            "is-nullable": false,
                            "is-header": false,
                            "is-unsigned": false,
                            "is-auto-increment": false,
                            "is-inline-options": false,
                            "is-date": false,
                            "date-format": "",
                            "cast-as": "",
                            "placeholder": "Enter password here...",
                            "delimiter": "; ",
                            "range": [],
                            "foreign-relation": null,
                            "foreign-constraint": null,
                            "on-store": null,
                            "on-update": null
                        },
                        {
                            "name": "created_at",
                            "labels": "Created At",
                            "html-type": "text",
                            "css-class": "",
                            "options": {},
                            "html-value": null,
                            "validation": "",
                            "is-on-index": false,
                            "is-on-show": true,
                            "is-on-form": false,
                            "data-type": "datetime",
                            "data-type-params": [],
                            "data-value": null,
                            "is-index": false,
                            "is-unique": false,
                            "is-primary": false,
                            "comment": null,
                            "is-nullable": true,
                            "is-header": false,
                            "is-unsigned": false,
                            "is-auto-increment": false,
                            "is-inline-options": false,
                            "is-date": false,
                            "date-format": "j/n/Y g:i A",
                            "cast-as": "",
                            "placeholder": "Enter created at here...",
                            "delimiter": "; ",
                            "range": [],
                            "foreign-relation": null,
                            "foreign-constraint": null,
                            "on-store": null,
                            "on-update": null
                        },
                        {
                            "name": "updated_at",
                            "labels": "Updated At",
                            "html-type": "text",
                            "css-class": "",
                            "options": {},
                            "html-value": null,
                            "validation": "",
                            "is-on-index": false,
                            "is-on-show": true,
                            "is-on-form": false,
                            "data-type": "datetime",
                            "data-type-params": [],
                            "data-value": null,
                            "is-index": false,
                            "is-unique": false,
                            "is-primary": false,
                            "comment": null,
                            "is-nullable": true,
                            "is-header": false,
                            "is-unsigned": false,
                            "is-auto-increment": false,
                            "is-inline-options": false,
                            "is-date": false,
                            "date-format": "j/n/Y g:i A",
                            "cast-as": "",
                            "placeholder": "Enter updated at here...",
                            "delimiter": "; ",
                            "range": [],
                            "foreign-relation": null,
                            "foreign-constraint": null,
                            "on-store": null,
                            "on-update": null
                        }
                    ],
                    "relations": [
                        {
                            "name": "roles",
                            "type": "hasMany",
                            "params": [
                                "App\\Models\\Role",
                                "user_role",
                                "user_id",
                                "role_id"
                            ],
                            "field": "name"
                        }
                    ],
                    "indexes": [],
                    "auto-manage-created-and-updated-at": true,
                    "table-name": null,
                    "protection": {
                        "is-model-protected": false,
                        "is-controller-protected": false,
                        "is-form-request-protected": false,
                        "is-languages-protected": false,
                        "is-form-view-protected": false,
                        "is-index-view-protected": false,
                        "is-create-view-protected": false,
                        "is-edit-view-protected": false,
                        "is-show-view-protected": false
                    }
                }
            }
        ]
    }
]